scrutin,Gauche démocrate et républicaine - NUPES,La France insoumise - Nouvelle Union Populaire écologique et sociale,Socialistes et apparentés (membre de l’intergroupe NUPES),Écologiste - NUPES,alignement
VTANR5L16V1,pour,pour,pour,pour,True
VTANR5L16V10,contre,abstention,contre,contre,False
VTANR5L16V100,pour,pour,pour,pour,True
VTANR5L16V1000,pour,pour,pour,pour,True
VTANR5L16V1001,pour,pour,pour,pour,True
VTANR5L16V1002,pour,pour,pour,pour,True
VTANR5L16V1003,pour,pour,pour,pour,True
VTANR5L16V1004,pour,pour,pour,pour,True
VTANR5L16V1005,pour,pour,pour,pour,True
VTANR5L16V1006,pour,pour,pour,pour,True
VTANR5L16V1007,,contre,,abstention,False
VTANR5L16V1008,pour,pour,pour,pour,True
VTANR5L16V1009,pour,pour,pour,pour,True
VTANR5L16V101,contre,contre,contre,contre,True
VTANR5L16V1010,pour,pour,pour,pour,True
VTANR5L16V1011,pour,pour,pour,pour,True
VTANR5L16V1012,pour,pour,pour,pour,True
VTANR5L16V1013,pour,abstention,pour,pour,False
VTANR5L16V1014,pour,pour,pour,pour,True
VTANR5L16V1015,pour,pour,pour,pour,True
VTANR5L16V1016,pour,pour,pour,pour,True
VTANR5L16V1017,pour,pour,pour,pour,True
VTANR5L16V1018,pour,pour,pour,abstention,False
VTANR5L16V1019,pour,pour,pour,pour,True
VTANR5L16V102,pour,pour,pour,pour,True
VTANR5L16V1020,,abstention,,abstention,False
VTANR5L16V1021,,pour,pour,pour,False
VTANR5L16V1022,pour,pour,pour,pour,True
VTANR5L16V1023,pour,pour,pour,pour,True
VTANR5L16V1024,pour,pour,pour,pour,True
VTANR5L16V1025,pour,pour,pour,pour,True
VTANR5L16V1026,pour,pour,pour,pour,True
VTANR5L16V1027,pour,pour,pour,pour,True
VTANR5L16V1028,pour,pour,pour,pour,True
VTANR5L16V1029,pour,pour,pour,pour,True
VTANR5L16V103,pour,pour,pour,pour,True
VTANR5L16V1030,pour,pour,pour,pour,True
VTANR5L16V1031,pour,pour,pour,pour,True
VTANR5L16V1032,pour,pour,pour,pour,True
VTANR5L16V1033,pour,pour,pour,pour,True
VTANR5L16V1034,pour,pour,pour,pour,True
VTANR5L16V1035,pour,pour,pour,pour,True
VTANR5L16V1036,pour,pour,pour,pour,True
VTANR5L16V1037,pour,pour,pour,pour,True
VTANR5L16V1038,pour,pour,pour,pour,True
VTANR5L16V1039,pour,pour,pour,pour,True
VTANR5L16V104,pour,pour,pour,pour,True
VTANR5L16V1040,pour,pour,pour,pour,True
VTANR5L16V1041,pour,pour,pour,pour,True
VTANR5L16V1042,pour,pour,pour,pour,True
VTANR5L16V1043,pour,pour,pour,pour,True
VTANR5L16V1044,pour,pour,pour,pour,True
VTANR5L16V1045,pour,pour,pour,pour,True
VTANR5L16V1046,pour,pour,pour,pour,True
VTANR5L16V1047,pour,pour,pour,pour,True
VTANR5L16V1048,pour,pour,pour,pour,True
VTANR5L16V1049,pour,pour,pour,pour,True
VTANR5L16V105,pour,pour,pour,pour,True
VTANR5L16V1050,pour,pour,pour,pour,True
VTANR5L16V1051,pour,pour,pour,pour,True
VTANR5L16V1052,pour,pour,pour,pour,True
VTANR5L16V1053,pour,pour,pour,pour,True
VTANR5L16V1054,pour,pour,pour,pour,True
VTANR5L16V1055,pour,pour,pour,pour,True
VTANR5L16V1056,pour,pour,pour,pour,True
VTANR5L16V1057,pour,pour,pour,pour,True
VTANR5L16V1058,pour,pour,pour,pour,True
VTANR5L16V1059,pour,pour,pour,pour,True
VTANR5L16V106,pour,pour,pour,pour,True
VTANR5L16V1060,pour,pour,pour,pour,True
VTANR5L16V1061,pour,pour,pour,pour,True
VTANR5L16V1062,pour,pour,pour,pour,True
VTANR5L16V1063,pour,pour,pour,pour,True
VTANR5L16V1064,pour,pour,pour,pour,True
VTANR5L16V1065,pour,pour,pour,pour,True
VTANR5L16V1066,pour,pour,pour,pour,True
VTANR5L16V1067,pour,pour,pour,pour,True
VTANR5L16V1068,pour,pour,pour,pour,True
VTANR5L16V1069,pour,pour,pour,pour,True
VTANR5L16V107,,,,contre,False
VTANR5L16V1070,pour,pour,pour,pour,True
VTANR5L16V1071,pour,pour,pour,pour,True
VTANR5L16V1072,pour,pour,pour,pour,True
VTANR5L16V1073,pour,pour,pour,pour,True
VTANR5L16V1074,pour,pour,pour,pour,True
VTANR5L16V1075,pour,pour,pour,pour,True
VTANR5L16V1076,pour,pour,pour,pour,True
VTANR5L16V1077,pour,pour,pour,pour,True
VTANR5L16V1078,pour,pour,pour,pour,True
VTANR5L16V1079,pour,pour,pour,pour,True
VTANR5L16V108,pour,pour,pour,pour,True
VTANR5L16V1080,pour,pour,pour,pour,True
VTANR5L16V1081,pour,pour,pour,pour,True
VTANR5L16V1082,pour,pour,pour,pour,True
VTANR5L16V1083,pour,pour,pour,pour,True
VTANR5L16V1084,pour,pour,pour,pour,True
VTANR5L16V1085,pour,pour,pour,pour,True
VTANR5L16V1086,pour,pour,pour,pour,True
VTANR5L16V1087,pour,pour,pour,pour,True
VTANR5L16V1088,pour,pour,pour,pour,True
VTANR5L16V1089,pour,pour,pour,pour,True
VTANR5L16V109,abstention,abstention,pour,contre,False
VTANR5L16V1090,pour,pour,pour,pour,True
VTANR5L16V1091,pour,pour,pour,pour,True
VTANR5L16V1092,abstention,,,contre,False
VTANR5L16V1093,pour,pour,abstention,abstention,False
VTANR5L16V1094,pour,pour,abstention,pour,False
VTANR5L16V1095,pour,pour,pour,pour,True
VTANR5L16V1096,pour,pour,pour,pour,True
VTANR5L16V1098,contre,contre,abstention,abstention,False
VTANR5L16V1099,pour,pour,pour,pour,True
VTANR5L16V11,pour,pour,pour,pour,True
VTANR5L16V110,pour,pour,pour,,False
VTANR5L16V1100,contre,contre,contre,contre,True
VTANR5L16V1101,,contre,contre,contre,False
VTANR5L16V1102,contre,contre,contre,contre,True
VTANR5L16V1103,,contre,contre,abstention,False
VTANR5L16V1104,contre,contre,contre,contre,True
VTANR5L16V1105,contre,contre,contre,contre,True
VTANR5L16V1106,pour,pour,pour,pour,True
VTANR5L16V1107,pour,pour,pour,pour,True
VTANR5L16V1108,pour,pour,pour,pour,True
VTANR5L16V1109,pour,pour,pour,pour,True
VTANR5L16V111,pour,pour,pour,pour,True
VTANR5L16V1110,pour,pour,pour,pour,True
VTANR5L16V1111,pour,pour,pour,pour,True
VTANR5L16V1112,pour,pour,pour,pour,True
VTANR5L16V1113,,pour,pour,pour,False
VTANR5L16V1114,pour,pour,pour,pour,True
VTANR5L16V1115,contre,contre,contre,contre,True
VTANR5L16V1116,pour,pour,pour,pour,True
VTANR5L16V1117,pour,pour,pour,pour,True
VTANR5L16V1118,pour,pour,pour,pour,True
VTANR5L16V1119,,pour,pour,pour,False
VTANR5L16V112,,pour,pour,abstention,False
VTANR5L16V1120,pour,pour,pour,pour,True
VTANR5L16V1121,,,contre,,False
VTANR5L16V1122,,,contre,,False
VTANR5L16V1123,,,contre,contre,False
VTANR5L16V1124,pour,pour,pour,pour,True
VTANR5L16V1125,,,contre,,False
VTANR5L16V1126,pour,abstention,pour,pour,False
VTANR5L16V1127,,abstention,pour,pour,False
VTANR5L16V1128,pour,contre,abstention,abstention,False
VTANR5L16V1129,,pour,pour,pour,False
VTANR5L16V113,,abstention,,abstention,False
VTANR5L16V1133,pour,pour,pour,pour,True
VTANR5L16V1134,pour,pour,,pour,False
VTANR5L16V1135,,,,abstention,False
VTANR5L16V1136,pour,pour,pour,pour,True
VTANR5L16V1137,,pour,pour,pour,False
VTANR5L16V1138,,,,contre,False
VTANR5L16V1139,,,,contre,False
VTANR5L16V114,pour,pour,pour,pour,True
VTANR5L16V1140,,pour,pour,pour,False
VTANR5L16V1141,pour,pour,pour,pour,True
VTANR5L16V1142,contre,contre,contre,contre,True
VTANR5L16V1143,,abstention,abstention,,False
VTANR5L16V1144,pour,pour,pour,,False
VTANR5L16V1145,pour,pour,pour,pour,True
VTANR5L16V1146,pour,pour,pour,pour,True
VTANR5L16V1147,pour,pour,pour,pour,True
VTANR5L16V1148,pour,pour,pour,pour,True
VTANR5L16V1149,pour,pour,pour,pour,True
VTANR5L16V115,pour,pour,pour,pour,True
VTANR5L16V1150,pour,pour,pour,pour,True
VTANR5L16V1151,pour,pour,pour,pour,True
VTANR5L16V1154,,abstention,,,False
VTANR5L16V1155,,pour,pour,pour,False
VTANR5L16V1156,abstention,pour,pour,pour,False
VTANR5L16V1157,abstention,pour,pour,pour,False
VTANR5L16V1158,abstention,pour,pour,pour,False
VTANR5L16V1159,abstention,contre,contre,contre,False
VTANR5L16V116,pour,pour,pour,pour,True
VTANR5L16V1160,pour,contre,contre,contre,False
VTANR5L16V1161,pour,pour,pour,pour,True
VTANR5L16V1162,abstention,contre,contre,contre,False
VTANR5L16V1163,contre,pour,pour,pour,False
VTANR5L16V1164,pour,contre,contre,contre,False
VTANR5L16V1165,pour,contre,contre,contre,False
VTANR5L16V1166,abstention,pour,pour,pour,False
VTANR5L16V1167,contre,pour,abstention,pour,False
VTANR5L16V1168,pour,pour,pour,pour,True
VTANR5L16V1169,pour,pour,pour,pour,True
VTANR5L16V117,pour,pour,pour,pour,True
VTANR5L16V1170,pour,pour,pour,pour,True
VTANR5L16V1171,,abstention,contre,contre,False
VTANR5L16V1172,,abstention,contre,contre,False
VTANR5L16V1173,pour,abstention,contre,contre,False
VTANR5L16V1174,,abstention,,contre,False
VTANR5L16V1175,pour,pour,pour,pour,True
VTANR5L16V1176,pour,pour,pour,pour,True
VTANR5L16V1177,contre,pour,contre,pour,False
VTANR5L16V1178,,,contre,contre,False
VTANR5L16V1179,pour,pour,pour,pour,True
VTANR5L16V118,pour,pour,pour,pour,True
VTANR5L16V1180,pour,pour,pour,pour,True
VTANR5L16V1181,pour,pour,pour,pour,True
VTANR5L16V1182,pour,pour,pour,pour,True
VTANR5L16V1183,pour,contre,contre,contre,False
VTANR5L16V1184,abstention,contre,contre,contre,False
VTANR5L16V1185,abstention,abstention,contre,contre,False
VTANR5L16V1186,contre,contre,contre,contre,True
VTANR5L16V1187,pour,abstention,pour,abstention,False
VTANR5L16V1188,,contre,contre,contre,False
VTANR5L16V1189,pour,,pour,contre,False
VTANR5L16V119,pour,pour,pour,pour,True
VTANR5L16V1190,pour,abstention,pour,contre,False
VTANR5L16V1191,abstention,pour,pour,pour,False
VTANR5L16V1192,pour,pour,pour,pour,True
VTANR5L16V1193,pour,contre,contre,contre,False
VTANR5L16V1194,contre,contre,contre,contre,True
VTANR5L16V1195,contre,contre,contre,contre,True
VTANR5L16V1196,pour,contre,abstention,pour,False
VTANR5L16V1197,abstention,pour,pour,pour,False
VTANR5L16V1198,pour,pour,pour,pour,True
VTANR5L16V1199,pour,pour,pour,pour,True
VTANR5L16V12,pour,pour,pour,pour,True
VTANR5L16V120,pour,pour,pour,pour,True
VTANR5L16V1200,pour,pour,pour,pour,True
VTANR5L16V1201,contre,pour,abstention,pour,False
VTANR5L16V1202,abstention,pour,pour,pour,False
VTANR5L16V1203,,contre,contre,contre,False
VTANR5L16V1204,contre,pour,pour,pour,False
VTANR5L16V1205,pour,contre,contre,contre,False
VTANR5L16V1206,contre,pour,pour,pour,False
VTANR5L16V1207,contre,pour,abstention,pour,False
VTANR5L16V1208,contre,pour,pour,pour,False
VTANR5L16V1209,pour,contre,abstention,contre,False
VTANR5L16V121,pour,pour,pour,pour,True
VTANR5L16V1210,pour,contre,abstention,contre,False
VTANR5L16V1211,contre,contre,abstention,contre,False
VTANR5L16V1212,pour,pour,pour,pour,True
VTANR5L16V1213,abstention,pour,pour,pour,False
VTANR5L16V1214,contre,contre,contre,contre,True
VTANR5L16V1215,pour,pour,pour,pour,True
VTANR5L16V1216,abstention,pour,pour,pour,False
VTANR5L16V1217,abstention,contre,contre,contre,False
VTANR5L16V1218,contre,pour,pour,pour,False
VTANR5L16V1219,abstention,,abstention,contre,False
VTANR5L16V122,contre,contre,pour,abstention,False
VTANR5L16V1220,pour,pour,pour,pour,True
VTANR5L16V1221,pour,pour,pour,pour,True
VTANR5L16V1222,,pour,pour,pour,False
VTANR5L16V1223,pour,pour,pour,pour,True
VTANR5L16V1224,contre,contre,contre,contre,True
VTANR5L16V1225,pour,contre,abstention,abstention,False
VTANR5L16V1226,pour,pour,pour,pour,True
VTANR5L16V1227,,pour,,pour,False
VTANR5L16V1228,abstention,abstention,abstention,abstention,True
VTANR5L16V1229,pour,contre,abstention,contre,False
VTANR5L16V123,pour,pour,pour,pour,True
VTANR5L16V1230,pour,contre,contre,contre,False
VTANR5L16V1231,pour,pour,pour,pour,True
VTANR5L16V1232,contre,contre,contre,contre,True
VTANR5L16V1233,contre,abstention,contre,contre,False
VTANR5L16V1234,,pour,pour,contre,False
VTANR5L16V1235,contre,contre,contre,contre,True
VTANR5L16V1236,contre,contre,contre,contre,True
VTANR5L16V1237,contre,contre,contre,contre,True
VTANR5L16V1238,contre,contre,contre,contre,True
VTANR5L16V1239,contre,contre,contre,contre,True
VTANR5L16V124,pour,pour,,pour,False
VTANR5L16V1240,pour,pour,pour,pour,True
VTANR5L16V1241,,,pour,,False
VTANR5L16V1242,abstention,pour,contre,pour,False
VTANR5L16V1243,pour,contre,contre,contre,False
VTANR5L16V1244,pour,pour,abstention,pour,False
VTANR5L16V1245,contre,abstention,contre,contre,False
VTANR5L16V1246,contre,,contre,contre,False
VTANR5L16V1247,pour,pour,pour,pour,True
VTANR5L16V1248,pour,pour,abstention,pour,False
VTANR5L16V1249,contre,,contre,contre,False
VTANR5L16V125,pour,pour,pour,pour,True
VTANR5L16V1250,contre,,pour,contre,False
VTANR5L16V1251,pour,pour,pour,pour,True
VTANR5L16V1252,,pour,pour,pour,False
VTANR5L16V1253,pour,abstention,abstention,abstention,False
VTANR5L16V1254,pour,abstention,pour,pour,False
VTANR5L16V1255,pour,abstention,pour,pour,False
VTANR5L16V1256,pour,contre,pour,abstention,False
VTANR5L16V1257,pour,abstention,pour,abstention,False
VTANR5L16V1258,pour,pour,pour,pour,True
VTANR5L16V1259,contre,pour,contre,pour,False
VTANR5L16V126,pour,pour,pour,abstention,False
VTANR5L16V1260,contre,,,contre,False
VTANR5L16V1261,contre,contre,,contre,False
VTANR5L16V1262,pour,contre,pour,abstention,False
VTANR5L16V1263,pour,pour,pour,pour,True
VTANR5L16V1264,pour,pour,pour,pour,True
VTANR5L16V1265,,contre,abstention,abstention,False
VTANR5L16V1266,pour,pour,,pour,False
VTANR5L16V1267,,,contre,,False
VTANR5L16V1268,,pour,pour,pour,False
VTANR5L16V1269,,,,contre,False
VTANR5L16V127,pour,pour,pour,pour,True
VTANR5L16V1270,,,contre,contre,False
VTANR5L16V1271,,,contre,contre,False
VTANR5L16V1272,contre,,,contre,False
VTANR5L16V1273,contre,,,,False
VTANR5L16V1274,contre,contre,contre,contre,True
VTANR5L16V1275,,contre,abstention,contre,False
VTANR5L16V1276,,contre,abstention,contre,False
VTANR5L16V1277,,contre,contre,contre,False
VTANR5L16V1278,,contre,contre,contre,False
VTANR5L16V1279,,,,contre,False
VTANR5L16V128,pour,pour,pour,pour,True
VTANR5L16V1280,,contre,pour,pour,False
VTANR5L16V1281,,pour,pour,pour,False
VTANR5L16V1282,pour,pour,contre,pour,False
VTANR5L16V1283,contre,contre,,contre,False
VTANR5L16V1284,contre,contre,,contre,False
VTANR5L16V1285,contre,contre,abstention,contre,False
VTANR5L16V1286,pour,pour,pour,pour,True
VTANR5L16V1287,pour,abstention,pour,pour,False
VTANR5L16V1288,pour,contre,contre,contre,False
VTANR5L16V1289,pour,contre,abstention,contre,False
VTANR5L16V129,pour,pour,pour,pour,True
VTANR5L16V1290,pour,,,pour,False
VTANR5L16V1291,contre,contre,contre,contre,True
VTANR5L16V1292,contre,contre,contre,contre,True
VTANR5L16V1293,contre,contre,contre,contre,True
VTANR5L16V1294,pour,contre,abstention,abstention,False
VTANR5L16V1295,,pour,pour,pour,False
VTANR5L16V1296,,pour,pour,pour,False
VTANR5L16V1297,,contre,abstention,contre,False
VTANR5L16V1298,pour,abstention,pour,abstention,False
VTANR5L16V1299,pour,pour,pour,pour,True
VTANR5L16V13,contre,contre,abstention,contre,False
VTANR5L16V130,pour,abstention,pour,contre,False
VTANR5L16V1300,pour,pour,pour,pour,True
VTANR5L16V1301,,,,contre,False
VTANR5L16V1302,pour,pour,pour,pour,True
VTANR5L16V1303,pour,pour,pour,pour,True
VTANR5L16V1304,,,abstention,abstention,False
VTANR5L16V1305,abstention,contre,abstention,contre,False
VTANR5L16V1306,contre,,pour,pour,False
VTANR5L16V1307,pour,pour,pour,pour,True
VTANR5L16V1308,pour,abstention,pour,pour,False
VTANR5L16V1309,,pour,pour,pour,False
VTANR5L16V131,pour,pour,pour,pour,True
VTANR5L16V1310,,,,pour,False
VTANR5L16V1311,pour,pour,pour,pour,True
VTANR5L16V1312,pour,pour,pour,pour,True
VTANR5L16V1313,pour,abstention,pour,pour,False
VTANR5L16V1314,pour,abstention,pour,pour,False
VTANR5L16V1315,pour,abstention,pour,pour,False
VTANR5L16V1316,pour,pour,pour,pour,True
VTANR5L16V1317,pour,pour,pour,pour,True
VTANR5L16V1318,contre,contre,contre,contre,True
VTANR5L16V1319,pour,pour,pour,pour,True
VTANR5L16V132,pour,pour,pour,pour,True
VTANR5L16V1320,contre,contre,,contre,False
VTANR5L16V1321,contre,contre,contre,contre,True
VTANR5L16V1322,contre,contre,contre,contre,True
VTANR5L16V1323,contre,contre,contre,contre,True
VTANR5L16V1324,contre,contre,contre,contre,True
VTANR5L16V1325,contre,contre,contre,contre,True
VTANR5L16V1326,contre,contre,contre,contre,True
VTANR5L16V1327,pour,pour,pour,pour,True
VTANR5L16V1328,contre,contre,contre,contre,True
VTANR5L16V1329,contre,contre,,contre,False
VTANR5L16V133,pour,pour,pour,pour,True
VTANR5L16V1330,contre,contre,contre,contre,True
VTANR5L16V1331,contre,contre,contre,contre,True
VTANR5L16V1332,contre,abstention,abstention,abstention,False
VTANR5L16V1333,pour,pour,pour,pour,True
VTANR5L16V1334,contre,contre,contre,contre,True
VTANR5L16V1335,pour,pour,pour,pour,True
VTANR5L16V1336,contre,contre,contre,contre,True
VTANR5L16V1337,pour,pour,pour,pour,True
VTANR5L16V1338,contre,contre,contre,contre,True
VTANR5L16V1339,,pour,pour,contre,False
VTANR5L16V134,pour,pour,pour,abstention,False
VTANR5L16V1340,,pour,pour,pour,False
VTANR5L16V1341,pour,pour,pour,,False
VTANR5L16V1342,pour,pour,pour,,False
VTANR5L16V1343,pour,pour,pour,pour,True
VTANR5L16V1344,contre,contre,contre,contre,True
VTANR5L16V1345,pour,pour,pour,pour,True
VTANR5L16V1346,abstention,pour,pour,pour,False
VTANR5L16V1347,pour,pour,pour,,False
VTANR5L16V1348,,pour,pour,,False
VTANR5L16V1349,,pour,pour,,False
VTANR5L16V135,pour,pour,pour,abstention,False
VTANR5L16V1350,,contre,contre,,False
VTANR5L16V1351,,pour,pour,,False
VTANR5L16V1352,,pour,pour,pour,False
VTANR5L16V1353,,pour,pour,pour,False
VTANR5L16V1354,,pour,pour,pour,False
VTANR5L16V1355,,abstention,pour,,False
VTANR5L16V1356,,pour,pour,pour,False
VTANR5L16V1357,,pour,pour,abstention,False
VTANR5L16V1358,,pour,contre,,False
VTANR5L16V1359,,contre,contre,,False
VTANR5L16V136,pour,pour,pour,abstention,False
VTANR5L16V1360,,pour,pour,,False
VTANR5L16V1361,contre,contre,contre,contre,True
VTANR5L16V1362,contre,contre,contre,contre,True
VTANR5L16V1363,contre,contre,contre,contre,True
VTANR5L16V1364,contre,,contre,contre,False
VTANR5L16V1365,contre,contre,contre,contre,True
VTANR5L16V1366,contre,contre,contre,contre,True
VTANR5L16V1367,pour,pour,pour,pour,True
VTANR5L16V1368,pour,pour,pour,pour,True
VTANR5L16V1369,contre,,contre,contre,False
VTANR5L16V137,pour,pour,pour,pour,True
VTANR5L16V1370,pour,pour,pour,pour,True
VTANR5L16V1371,contre,,contre,contre,False
VTANR5L16V1372,pour,pour,pour,pour,True
VTANR5L16V1373,pour,pour,pour,pour,True
VTANR5L16V1374,pour,pour,pour,pour,True
VTANR5L16V1375,contre,,contre,contre,False
VTANR5L16V1376,contre,contre,contre,contre,True
VTANR5L16V1377,pour,pour,pour,pour,True
VTANR5L16V1378,pour,pour,pour,pour,True
VTANR5L16V1379,pour,pour,pour,pour,True
VTANR5L16V138,pour,pour,pour,pour,True
VTANR5L16V1380,pour,pour,pour,pour,True
VTANR5L16V1381,pour,pour,pour,pour,True
VTANR5L16V1382,contre,contre,contre,contre,True
VTANR5L16V1383,pour,pour,pour,pour,True
VTANR5L16V1384,contre,contre,contre,contre,True
VTANR5L16V1385,pour,pour,pour,pour,True
VTANR5L16V1386,pour,pour,pour,pour,True
VTANR5L16V1387,pour,pour,pour,pour,True
VTANR5L16V1388,contre,contre,contre,contre,True
VTANR5L16V1389,pour,pour,pour,pour,True
VTANR5L16V139,pour,pour,pour,pour,True
VTANR5L16V1390,pour,pour,pour,pour,True
VTANR5L16V1391,pour,pour,pour,pour,True
VTANR5L16V1392,contre,,,abstention,False
VTANR5L16V1393,pour,pour,pour,pour,True
VTANR5L16V1394,pour,pour,pour,pour,True
VTANR5L16V1395,abstention,pour,pour,pour,False
VTANR5L16V1396,contre,contre,contre,contre,True
VTANR5L16V1397,,pour,pour,pour,False
VTANR5L16V1398,pour,pour,pour,pour,True
VTANR5L16V1399,pour,pour,pour,pour,True
VTANR5L16V14,pour,pour,pour,pour,True
VTANR5L16V140,pour,pour,pour,pour,True
VTANR5L16V1400,pour,pour,pour,pour,True
VTANR5L16V1401,contre,pour,contre,contre,False
VTANR5L16V1402,pour,pour,pour,pour,True
VTANR5L16V1403,,contre,contre,contre,False
VTANR5L16V1404,,pour,pour,pour,False
VTANR5L16V1405,,pour,pour,pour,False
VTANR5L16V1406,,pour,pour,pour,False
VTANR5L16V1407,,pour,pour,pour,False
VTANR5L16V1408,contre,pour,contre,pour,False
VTANR5L16V1409,abstention,contre,abstention,contre,False
VTANR5L16V141,pour,pour,pour,pour,True
VTANR5L16V1410,pour,abstention,abstention,abstention,False
VTANR5L16V1411,pour,pour,pour,pour,True
VTANR5L16V1412,pour,abstention,pour,pour,False
VTANR5L16V1413,pour,pour,pour,pour,True
VTANR5L16V1414,pour,pour,pour,pour,True
VTANR5L16V1415,,abstention,pour,,False
VTANR5L16V1416,abstention,,contre,contre,False
VTANR5L16V1417,pour,pour,pour,pour,True
VTANR5L16V1418,contre,contre,contre,contre,True
VTANR5L16V1419,pour,pour,pour,pour,True
VTANR5L16V142,pour,pour,pour,pour,True
VTANR5L16V1420,contre,contre,abstention,contre,False
VTANR5L16V1421,abstention,abstention,pour,pour,False
VTANR5L16V1422,pour,pour,pour,,False
VTANR5L16V1423,contre,contre,pour,,False
VTANR5L16V1424,pour,pour,pour,pour,True
VTANR5L16V1425,abstention,abstention,pour,pour,False
VTANR5L16V1426,,pour,pour,pour,False
VTANR5L16V1427,pour,pour,pour,pour,True
VTANR5L16V1428,pour,pour,pour,pour,True
VTANR5L16V143,pour,pour,pour,pour,True
VTANR5L16V1430,,,contre,,False
VTANR5L16V1431,pour,pour,pour,pour,True
VTANR5L16V1432,pour,pour,pour,pour,True
VTANR5L16V1433,,pour,pour,pour,False
VTANR5L16V1434,abstention,pour,pour,pour,False
VTANR5L16V1436,pour,pour,pour,pour,True
VTANR5L16V1438,,pour,,,False
VTANR5L16V1439,pour,pour,pour,pour,True
VTANR5L16V144,pour,pour,pour,pour,True
VTANR5L16V1440,,pour,pour,pour,False
VTANR5L16V1441,pour,pour,pour,pour,True
VTANR5L16V1442,,pour,pour,pour,False
VTANR5L16V1443,,pour,pour,pour,False
VTANR5L16V1444,,pour,pour,pour,False
VTANR5L16V1445,,contre,abstention,abstention,False
VTANR5L16V1446,,pour,pour,,False
VTANR5L16V1447,,pour,pour,pour,False
VTANR5L16V1448,,abstention,abstention,pour,False
VTANR5L16V1449,,pour,pour,pour,False
VTANR5L16V145,pour,pour,pour,pour,True
VTANR5L16V1450,,pour,pour,,False
VTANR5L16V1451,,contre,pour,abstention,False
VTANR5L16V1452,,pour,pour,pour,False
VTANR5L16V1453,,abstention,abstention,abstention,False
VTANR5L16V1454,,abstention,abstention,pour,False
VTANR5L16V1455,,pour,pour,pour,False
VTANR5L16V1456,pour,pour,contre,pour,False
VTANR5L16V1457,contre,contre,contre,contre,True
VTANR5L16V1458,contre,contre,contre,contre,True
VTANR5L16V1459,pour,pour,pour,pour,True
VTANR5L16V146,pour,pour,pour,pour,True
VTANR5L16V1460,pour,pour,pour,pour,True
VTANR5L16V1461,pour,pour,pour,pour,True
VTANR5L16V1462,pour,pour,pour,pour,True
VTANR5L16V1463,contre,abstention,contre,contre,False
VTANR5L16V1464,contre,contre,contre,contre,True
VTANR5L16V1465,contre,contre,contre,contre,True
VTANR5L16V1466,contre,contre,contre,contre,True
VTANR5L16V1467,contre,contre,contre,contre,True
VTANR5L16V1468,pour,pour,pour,pour,True
VTANR5L16V1469,contre,contre,contre,contre,True
VTANR5L16V147,pour,pour,pour,pour,True
VTANR5L16V1470,contre,contre,contre,abstention,False
VTANR5L16V1471,pour,pour,pour,pour,True
VTANR5L16V1472,pour,pour,pour,pour,True
VTANR5L16V1473,contre,contre,contre,contre,True
VTANR5L16V1474,pour,pour,pour,pour,True
VTANR5L16V1475,pour,pour,pour,pour,True
VTANR5L16V1476,contre,contre,contre,contre,True
VTANR5L16V1477,contre,contre,contre,contre,True
VTANR5L16V1478,contre,contre,contre,contre,True
VTANR5L16V1479,contre,contre,contre,contre,True
VTANR5L16V148,pour,pour,pour,pour,True
VTANR5L16V1480,contre,contre,contre,contre,True
VTANR5L16V1481,pour,pour,pour,pour,True
VTANR5L16V1482,pour,pour,pour,pour,True
VTANR5L16V1483,pour,pour,pour,pour,True
VTANR5L16V1484,pour,pour,abstention,contre,False
VTANR5L16V1485,pour,pour,pour,contre,False
VTANR5L16V1486,pour,pour,pour,contre,False
VTANR5L16V1487,pour,contre,pour,contre,False
VTANR5L16V1488,abstention,pour,pour,pour,False
VTANR5L16V1489,,pour,contre,pour,False
VTANR5L16V149,pour,pour,pour,pour,True
VTANR5L16V1490,,pour,contre,pour,False
VTANR5L16V1491,,pour,contre,pour,False
VTANR5L16V1492,contre,contre,pour,contre,False
VTANR5L16V1493,pour,pour,pour,,False
VTANR5L16V1494,contre,pour,pour,abstention,False
VTANR5L16V1495,contre,contre,pour,pour,False
VTANR5L16V1496,pour,pour,pour,pour,True
VTANR5L16V1497,,pour,pour,pour,False
VTANR5L16V1498,,contre,contre,contre,False
VTANR5L16V1499,,abstention,pour,abstention,False
VTANR5L16V15,contre,contre,abstention,contre,False
VTANR5L16V150,abstention,pour,abstention,pour,False
VTANR5L16V1500,,pour,pour,pour,False
VTANR5L16V1501,,contre,pour,abstention,False
VTANR5L16V1502,,contre,,pour,False
VTANR5L16V1503,pour,contre,,pour,False
VTANR5L16V1504,abstention,contre,contre,contre,False
VTANR5L16V151,contre,contre,contre,contre,True
VTANR5L16V152,pour,pour,pour,pour,True
VTANR5L16V153,pour,pour,pour,pour,True
VTANR5L16V154,pour,pour,pour,pour,True
VTANR5L16V155,contre,contre,abstention,contre,False
VTANR5L16V156,pour,pour,pour,pour,True
VTANR5L16V157,pour,pour,pour,pour,True
VTANR5L16V158,,pour,pour,pour,False
VTANR5L16V159,pour,pour,pour,pour,True
VTANR5L16V16,contre,contre,contre,contre,True
VTANR5L16V160,contre,contre,contre,contre,True
VTANR5L16V161,contre,contre,contre,contre,True
VTANR5L16V162,,pour,contre,pour,False
VTANR5L16V163,contre,contre,contre,contre,True
VTANR5L16V164,contre,contre,pour,contre,False
VTANR5L16V165,contre,contre,pour,contre,False
VTANR5L16V166,pour,pour,pour,pour,True
VTANR5L16V167,pour,pour,pour,pour,True
VTANR5L16V168,pour,pour,pour,pour,True
VTANR5L16V169,pour,pour,pour,pour,True
VTANR5L16V17,abstention,contre,abstention,abstention,False
VTANR5L16V170,contre,contre,contre,contre,True
VTANR5L16V171,contre,contre,contre,contre,True
VTANR5L16V172,pour,contre,contre,contre,False
VTANR5L16V173,abstention,contre,contre,contre,False
VTANR5L16V174,abstention,pour,pour,pour,False
VTANR5L16V175,abstention,abstention,contre,contre,False
VTANR5L16V176,abstention,contre,contre,contre,False
VTANR5L16V177,contre,contre,contre,contre,True
VTANR5L16V178,contre,contre,contre,contre,True
VTANR5L16V179,contre,abstention,contre,contre,False
VTANR5L16V18,contre,abstention,contre,contre,False
VTANR5L16V180,contre,contre,contre,contre,True
VTANR5L16V181,contre,contre,contre,contre,True
VTANR5L16V182,contre,contre,pour,abstention,False
VTANR5L16V183,pour,abstention,pour,pour,False
VTANR5L16V184,contre,contre,pour,pour,False
VTANR5L16V185,pour,pour,abstention,pour,False
VTANR5L16V186,contre,contre,abstention,contre,False
VTANR5L16V187,contre,contre,contre,contre,True
VTANR5L16V188,pour,pour,pour,pour,True
VTANR5L16V189,contre,contre,contre,contre,True
VTANR5L16V19,contre,abstention,contre,contre,False
VTANR5L16V190,pour,pour,pour,pour,True
VTANR5L16V191,contre,contre,contre,contre,True
VTANR5L16V192,pour,pour,pour,pour,True
VTANR5L16V193,pour,pour,pour,pour,True
VTANR5L16V194,pour,pour,pour,pour,True
VTANR5L16V195,pour,pour,pour,pour,True
VTANR5L16V196,pour,pour,pour,pour,True
VTANR5L16V197,pour,pour,pour,pour,True
VTANR5L16V198,pour,pour,pour,pour,True
VTANR5L16V199,pour,pour,pour,pour,True
VTANR5L16V2,pour,pour,pour,pour,True
VTANR5L16V20,pour,pour,pour,pour,True
VTANR5L16V200,pour,pour,pour,pour,True
VTANR5L16V201,pour,pour,pour,pour,True
VTANR5L16V202,pour,pour,pour,abstention,False
VTANR5L16V203,pour,pour,pour,pour,True
VTANR5L16V204,abstention,abstention,pour,pour,False
VTANR5L16V205,pour,pour,pour,pour,True
VTANR5L16V206,pour,pour,pour,pour,True
VTANR5L16V207,pour,abstention,abstention,abstention,False
VTANR5L16V208,contre,contre,contre,contre,True
VTANR5L16V209,contre,contre,contre,contre,True
VTANR5L16V21,pour,pour,pour,pour,True
VTANR5L16V210,contre,contre,contre,contre,True
VTANR5L16V211,pour,pour,pour,pour,True
VTANR5L16V212,contre,contre,contre,contre,True
VTANR5L16V213,contre,,contre,contre,False
VTANR5L16V214,pour,pour,pour,pour,True
VTANR5L16V215,pour,pour,pour,pour,True
VTANR5L16V216,pour,pour,pour,pour,True
VTANR5L16V217,contre,contre,contre,contre,True
VTANR5L16V218,pour,pour,pour,pour,True
VTANR5L16V219,contre,contre,contre,contre,True
VTANR5L16V22,pour,pour,pour,pour,True
VTANR5L16V220,contre,contre,contre,contre,True
VTANR5L16V221,contre,contre,abstention,contre,False
VTANR5L16V222,contre,abstention,,contre,False
VTANR5L16V223,contre,abstention,abstention,abstention,False
VTANR5L16V224,abstention,pour,pour,pour,False
VTANR5L16V225,pour,pour,pour,pour,True
VTANR5L16V226,pour,pour,,pour,False
VTANR5L16V227,,contre,pour,contre,False
VTANR5L16V228,pour,pour,pour,pour,True
VTANR5L16V229,pour,pour,pour,pour,True
VTANR5L16V23,abstention,abstention,pour,abstention,False
VTANR5L16V230,pour,pour,pour,pour,True
VTANR5L16V231,pour,pour,pour,pour,True
VTANR5L16V232,pour,pour,pour,pour,True
VTANR5L16V233,pour,pour,pour,,False
VTANR5L16V234,pour,pour,pour,pour,True
VTANR5L16V235,pour,pour,pour,pour,True
VTANR5L16V236,contre,contre,contre,contre,True
VTANR5L16V237,pour,pour,pour,pour,True
VTANR5L16V238,contre,contre,contre,contre,True
VTANR5L16V239,pour,pour,pour,pour,True
VTANR5L16V24,pour,pour,pour,pour,True
VTANR5L16V240,contre,contre,contre,contre,True
VTANR5L16V241,pour,pour,pour,pour,True
VTANR5L16V242,contre,contre,contre,contre,True
VTANR5L16V243,pour,pour,pour,pour,True
VTANR5L16V244,contre,contre,contre,contre,True
VTANR5L16V245,pour,pour,pour,pour,True
VTANR5L16V246,contre,contre,contre,contre,True
VTANR5L16V247,contre,contre,contre,contre,True
VTANR5L16V248,contre,contre,contre,contre,True
VTANR5L16V249,contre,contre,contre,contre,True
VTANR5L16V25,pour,pour,pour,pour,True
VTANR5L16V250,pour,pour,pour,pour,True
VTANR5L16V251,contre,contre,pour,contre,False
VTANR5L16V252,pour,pour,pour,pour,True
VTANR5L16V253,contre,contre,contre,contre,True
VTANR5L16V254,contre,contre,contre,contre,True
VTANR5L16V255,abstention,abstention,contre,pour,False
VTANR5L16V256,pour,pour,pour,pour,True
VTANR5L16V257,pour,pour,pour,pour,True
VTANR5L16V258,contre,contre,contre,contre,True
VTANR5L16V259,contre,contre,contre,contre,True
VTANR5L16V26,pour,pour,pour,pour,True
VTANR5L16V260,contre,contre,contre,contre,True
VTANR5L16V261,pour,pour,pour,pour,True
VTANR5L16V262,abstention,abstention,pour,abstention,False
VTANR5L16V263,contre,contre,contre,contre,True
VTANR5L16V264,contre,contre,contre,contre,True
VTANR5L16V265,contre,contre,contre,contre,True
VTANR5L16V266,contre,abstention,contre,contre,False
VTANR5L16V267,pour,abstention,contre,pour,False
VTANR5L16V268,pour,pour,pour,pour,True
VTANR5L16V269,pour,pour,pour,pour,True
VTANR5L16V27,pour,pour,pour,pour,True
VTANR5L16V270,pour,pour,pour,pour,True
VTANR5L16V271,pour,pour,pour,pour,True
VTANR5L16V272,pour,abstention,contre,pour,False
VTANR5L16V273,pour,pour,pour,pour,True
VTANR5L16V274,pour,pour,pour,pour,True
VTANR5L16V275,,abstention,abstention,contre,False
VTANR5L16V276,abstention,pour,contre,abstention,False
VTANR5L16V277,pour,pour,pour,pour,True
VTANR5L16V278,pour,pour,pour,pour,True
VTANR5L16V279,pour,pour,pour,pour,True
VTANR5L16V28,pour,pour,pour,pour,True
VTANR5L16V280,abstention,abstention,pour,abstention,False
VTANR5L16V281,abstention,abstention,abstention,abstention,True
VTANR5L16V282,abstention,abstention,abstention,abstention,True
VTANR5L16V283,pour,pour,pour,pour,True
VTANR5L16V284,pour,abstention,abstention,pour,False
VTANR5L16V285,abstention,abstention,abstention,abstention,True
VTANR5L16V286,pour,pour,pour,pour,True
VTANR5L16V287,pour,pour,pour,pour,True
VTANR5L16V288,abstention,,abstention,contre,False
VTANR5L16V289,contre,contre,contre,contre,True
VTANR5L16V29,contre,contre,contre,contre,True
VTANR5L16V290,pour,pour,pour,pour,True
VTANR5L16V291,contre,contre,contre,contre,True
VTANR5L16V292,contre,contre,contre,contre,True
VTANR5L16V293,contre,contre,contre,contre,True
VTANR5L16V294,contre,contre,contre,contre,True
VTANR5L16V295,pour,pour,pour,pour,True
VTANR5L16V296,contre,abstention,,,False
VTANR5L16V297,contre,abstention,,,False
VTANR5L16V298,contre,contre,,contre,False
VTANR5L16V299,contre,contre,,contre,False
VTANR5L16V3,pour,pour,contre,pour,False
VTANR5L16V30,abstention,abstention,contre,contre,False
VTANR5L16V300,abstention,contre,pour,contre,False
VTANR5L16V301,abstention,abstention,abstention,abstention,True
VTANR5L16V302,pour,pour,pour,pour,True
VTANR5L16V303,pour,pour,pour,abstention,False
VTANR5L16V304,pour,abstention,pour,pour,False
VTANR5L16V305,pour,abstention,contre,pour,False
VTANR5L16V306,pour,pour,pour,pour,True
VTANR5L16V307,contre,contre,contre,contre,True
VTANR5L16V308,contre,contre,contre,contre,True
VTANR5L16V309,contre,contre,contre,contre,True
VTANR5L16V31,pour,pour,pour,pour,True
VTANR5L16V310,,abstention,,contre,False
VTANR5L16V311,pour,pour,pour,pour,True
VTANR5L16V312,pour,pour,pour,pour,True
VTANR5L16V313,pour,pour,pour,pour,True
VTANR5L16V314,contre,abstention,contre,contre,False
VTANR5L16V315,contre,contre,contre,contre,True
VTANR5L16V316,contre,contre,contre,contre,True
VTANR5L16V317,contre,contre,contre,contre,True
VTANR5L16V318,contre,contre,contre,contre,True
VTANR5L16V319,contre,contre,contre,contre,True
VTANR5L16V32,contre,contre,contre,contre,True
VTANR5L16V320,contre,contre,contre,contre,True
VTANR5L16V321,contre,contre,contre,contre,True
VTANR5L16V322,pour,pour,pour,pour,True
VTANR5L16V323,pour,pour,pour,pour,True
VTANR5L16V324,pour,pour,pour,pour,True
VTANR5L16V325,pour,pour,pour,pour,True
VTANR5L16V326,pour,pour,pour,pour,True
VTANR5L16V327,contre,contre,contre,contre,True
VTANR5L16V328,pour,pour,pour,pour,True
VTANR5L16V329,contre,contre,contre,contre,True
VTANR5L16V33,contre,contre,abstention,abstention,False
VTANR5L16V330,pour,pour,pour,pour,True
VTANR5L16V331,contre,contre,contre,contre,True
VTANR5L16V332,pour,pour,pour,pour,True
VTANR5L16V333,pour,pour,pour,pour,True
VTANR5L16V334,contre,abstention,contre,contre,False
VTANR5L16V335,pour,pour,pour,pour,True
VTANR5L16V336,pour,pour,pour,pour,True
VTANR5L16V337,pour,pour,pour,pour,True
VTANR5L16V338,contre,contre,abstention,contre,False
VTANR5L16V339,contre,abstention,pour,contre,False
VTANR5L16V34,pour,pour,abstention,pour,False
VTANR5L16V340,contre,contre,pour,abstention,False
VTANR5L16V341,pour,pour,pour,pour,True
VTANR5L16V342,pour,pour,pour,pour,True
VTANR5L16V343,,contre,contre,contre,False
VTANR5L16V344,,contre,contre,contre,False
VTANR5L16V345,pour,abstention,contre,contre,False
VTANR5L16V346,pour,abstention,pour,pour,False
VTANR5L16V347,,contre,contre,contre,False
VTANR5L16V348,contre,contre,contre,contre,True
VTANR5L16V349,contre,contre,pour,pour,False
VTANR5L16V35,contre,contre,contre,contre,True
VTANR5L16V350,pour,pour,pour,pour,True
VTANR5L16V351,contre,contre,contre,contre,True
VTANR5L16V352,contre,,abstention,abstention,False
VTANR5L16V353,contre,contre,contre,contre,True
VTANR5L16V354,pour,pour,pour,pour,True
VTANR5L16V355,pour,pour,pour,pour,True
VTANR5L16V356,,,,contre,False
VTANR5L16V357,pour,pour,pour,pour,True
VTANR5L16V358,pour,pour,pour,pour,True
VTANR5L16V359,,pour,,,False
VTANR5L16V36,contre,abstention,abstention,pour,False
VTANR5L16V360,pour,pour,pour,pour,True
VTANR5L16V361,contre,contre,contre,contre,True
VTANR5L16V362,pour,pour,pour,pour,True
VTANR5L16V363,pour,pour,pour,pour,True
VTANR5L16V364,pour,pour,pour,pour,True
VTANR5L16V365,pour,pour,pour,pour,True
VTANR5L16V366,,pour,pour,pour,False
VTANR5L16V367,pour,pour,pour,pour,True
VTANR5L16V368,pour,pour,pour,pour,True
VTANR5L16V369,pour,pour,pour,pour,True
VTANR5L16V37,pour,pour,pour,pour,True
VTANR5L16V370,pour,pour,pour,pour,True
VTANR5L16V371,pour,pour,pour,pour,True
VTANR5L16V372,pour,pour,pour,pour,True
VTANR5L16V373,pour,pour,pour,pour,True
VTANR5L16V374,pour,pour,pour,pour,True
VTANR5L16V375,pour,pour,pour,pour,True
VTANR5L16V376,pour,pour,pour,pour,True
VTANR5L16V377,pour,pour,pour,pour,True
VTANR5L16V378,pour,pour,pour,pour,True
VTANR5L16V379,pour,pour,pour,pour,True
VTANR5L16V38,pour,pour,pour,pour,True
VTANR5L16V380,pour,pour,pour,pour,True
VTANR5L16V381,pour,pour,pour,pour,True
VTANR5L16V382,pour,pour,pour,pour,True
VTANR5L16V383,pour,pour,pour,pour,True
VTANR5L16V384,pour,pour,pour,pour,True
VTANR5L16V385,,pour,pour,pour,False
VTANR5L16V386,pour,pour,pour,pour,True
VTANR5L16V387,pour,pour,pour,pour,True
VTANR5L16V388,abstention,abstention,abstention,abstention,True
VTANR5L16V39,pour,pour,pour,pour,True
VTANR5L16V390,pour,pour,pour,pour,True
VTANR5L16V391,pour,pour,pour,pour,True
VTANR5L16V392,pour,pour,pour,pour,True
VTANR5L16V393,pour,pour,pour,pour,True
VTANR5L16V394,pour,pour,pour,pour,True
VTANR5L16V395,pour,pour,pour,pour,True
VTANR5L16V396,pour,pour,pour,pour,True
VTANR5L16V397,,abstention,,,False
VTANR5L16V398,,pour,,pour,False
VTANR5L16V399,pour,pour,contre,pour,False
VTANR5L16V4,contre,contre,pour,contre,False
VTANR5L16V40,pour,pour,pour,pour,True
VTANR5L16V400,,contre,contre,contre,False
VTANR5L16V401,contre,contre,contre,contre,True
VTANR5L16V402,contre,contre,contre,contre,True
VTANR5L16V403,contre,contre,contre,,False
VTANR5L16V404,contre,contre,contre,contre,True
VTANR5L16V405,contre,contre,,contre,False
VTANR5L16V406,contre,contre,,contre,False
VTANR5L16V407,contre,contre,contre,contre,True
VTANR5L16V408,contre,contre,contre,contre,True
VTANR5L16V409,pour,pour,pour,pour,True
VTANR5L16V41,pour,pour,pour,pour,True
VTANR5L16V410,pour,pour,abstention,pour,False
VTANR5L16V411,abstention,abstention,contre,contre,False
VTANR5L16V412,contre,abstention,contre,,False
VTANR5L16V413,,pour,pour,pour,False
VTANR5L16V414,,pour,pour,pour,False
VTANR5L16V415,,contre,abstention,abstention,False
VTANR5L16V416,,contre,contre,contre,False
VTANR5L16V417,,contre,,contre,False
VTANR5L16V418,contre,contre,contre,contre,True
VTANR5L16V419,pour,pour,pour,pour,True
VTANR5L16V42,pour,pour,pour,pour,True
VTANR5L16V420,,contre,,contre,False
VTANR5L16V421,,abstention,abstention,abstention,False
VTANR5L16V422,,pour,pour,abstention,False
VTANR5L16V423,pour,pour,pour,pour,True
VTANR5L16V424,pour,pour,pour,pour,True
VTANR5L16V425,pour,pour,pour,pour,True
VTANR5L16V426,contre,contre,contre,contre,True
VTANR5L16V427,contre,contre,contre,contre,True
VTANR5L16V428,contre,contre,contre,contre,True
VTANR5L16V429,contre,contre,contre,contre,True
VTANR5L16V43,pour,pour,pour,pour,True
VTANR5L16V430,pour,pour,pour,pour,True
VTANR5L16V431,contre,contre,contre,abstention,False
VTANR5L16V432,pour,pour,pour,pour,True
VTANR5L16V433,pour,pour,pour,pour,True
VTANR5L16V434,contre,contre,contre,contre,True
VTANR5L16V435,pour,pour,pour,pour,True
VTANR5L16V436,pour,abstention,,pour,False
VTANR5L16V437,pour,abstention,pour,pour,False
VTANR5L16V438,pour,contre,pour,pour,False
VTANR5L16V439,pour,abstention,abstention,abstention,False
VTANR5L16V44,pour,pour,pour,pour,True
VTANR5L16V440,contre,contre,contre,contre,True
VTANR5L16V441,pour,abstention,pour,pour,False
VTANR5L16V442,contre,contre,contre,contre,True
VTANR5L16V443,pour,pour,pour,pour,True
VTANR5L16V444,pour,pour,,pour,False
VTANR5L16V445,pour,contre,abstention,abstention,False
VTANR5L16V446,pour,pour,abstention,pour,False
VTANR5L16V447,pour,abstention,pour,pour,False
VTANR5L16V448,abstention,abstention,abstention,abstention,True
VTANR5L16V449,pour,abstention,,abstention,False
VTANR5L16V45,abstention,abstention,abstention,abstention,True
VTANR5L16V450,pour,pour,pour,pour,True
VTANR5L16V451,pour,pour,pour,pour,True
VTANR5L16V452,abstention,abstention,abstention,contre,False
VTANR5L16V453,pour,pour,pour,pour,True
VTANR5L16V454,pour,pour,pour,pour,True
VTANR5L16V455,abstention,abstention,abstention,,False
VTANR5L16V456,pour,pour,pour,pour,True
VTANR5L16V457,pour,pour,pour,pour,True
VTANR5L16V458,pour,pour,pour,pour,True
VTANR5L16V459,pour,pour,pour,pour,True
VTANR5L16V46,contre,contre,contre,contre,True
VTANR5L16V460,pour,pour,pour,pour,True
VTANR5L16V461,pour,pour,pour,pour,True
VTANR5L16V462,pour,pour,pour,pour,True
VTANR5L16V463,abstention,pour,contre,abstention,False
VTANR5L16V464,abstention,contre,abstention,,False
VTANR5L16V465,pour,pour,pour,pour,True
VTANR5L16V466,pour,pour,pour,pour,True
VTANR5L16V467,pour,pour,pour,pour,True
VTANR5L16V468,pour,pour,pour,pour,True
VTANR5L16V469,pour,pour,pour,pour,True
VTANR5L16V47,pour,pour,abstention,pour,False
VTANR5L16V470,pour,pour,pour,pour,True
VTANR5L16V471,pour,pour,pour,pour,True
VTANR5L16V472,pour,abstention,abstention,contre,False
VTANR5L16V473,contre,contre,contre,contre,True
VTANR5L16V474,abstention,abstention,,,False
VTANR5L16V475,pour,pour,pour,pour,True
VTANR5L16V476,pour,pour,pour,pour,True
VTANR5L16V477,pour,pour,pour,pour,True
VTANR5L16V478,pour,pour,pour,pour,True
VTANR5L16V479,pour,pour,pour,pour,True
VTANR5L16V48,pour,pour,abstention,abstention,False
VTANR5L16V480,pour,pour,pour,pour,True
VTANR5L16V481,contre,contre,contre,contre,True
VTANR5L16V482,pour,pour,pour,pour,True
VTANR5L16V483,pour,pour,pour,pour,True
VTANR5L16V484,pour,pour,pour,pour,True
VTANR5L16V486,pour,pour,pour,pour,True
VTANR5L16V487,,abstention,abstention,contre,False
VTANR5L16V488,,contre,contre,contre,False
VTANR5L16V489,,contre,contre,contre,False
VTANR5L16V49,,pour,abstention,pour,False
VTANR5L16V490,pour,pour,pour,pour,True
VTANR5L16V491,pour,pour,pour,abstention,False
VTANR5L16V492,pour,pour,pour,pour,True
VTANR5L16V493,pour,pour,pour,pour,True
VTANR5L16V494,pour,pour,,pour,False
VTANR5L16V495,,pour,pour,pour,False
VTANR5L16V496,pour,pour,pour,abstention,False
VTANR5L16V497,pour,pour,pour,pour,True
VTANR5L16V498,pour,pour,pour,pour,True
VTANR5L16V499,,pour,pour,pour,False
VTANR5L16V5,pour,pour,contre,pour,False
VTANR5L16V50,,pour,abstention,pour,False
VTANR5L16V500,,abstention,,,False
VTANR5L16V501,,abstention,pour,,False
VTANR5L16V502,pour,pour,pour,pour,True
VTANR5L16V503,pour,pour,pour,pour,True
VTANR5L16V504,,abstention,,contre,False
VTANR5L16V505,,abstention,contre,contre,False
VTANR5L16V506,,,abstention,abstention,False
VTANR5L16V507,pour,abstention,abstention,pour,False
VTANR5L16V508,pour,contre,abstention,pour,False
VTANR5L16V509,contre,abstention,contre,contre,False
VTANR5L16V51,pour,pour,pour,pour,True
VTANR5L16V510,,abstention,contre,contre,False
VTANR5L16V511,,abstention,contre,abstention,False
VTANR5L16V512,,abstention,contre,contre,False
VTANR5L16V513,contre,abstention,contre,contre,False
VTANR5L16V514,contre,abstention,contre,contre,False
VTANR5L16V515,pour,abstention,abstention,pour,False
VTANR5L16V516,pour,pour,pour,pour,True
VTANR5L16V517,pour,pour,pour,pour,True
VTANR5L16V518,pour,pour,pour,pour,True
VTANR5L16V519,pour,pour,pour,pour,True
VTANR5L16V52,pour,pour,pour,pour,True
VTANR5L16V520,,abstention,abstention,pour,False
VTANR5L16V521,pour,pour,pour,pour,True
VTANR5L16V522,,pour,,pour,False
VTANR5L16V523,pour,pour,pour,pour,True
VTANR5L16V524,pour,pour,pour,pour,True
VTANR5L16V525,pour,pour,abstention,pour,False
VTANR5L16V526,pour,pour,abstention,pour,False
VTANR5L16V527,pour,pour,pour,pour,True
VTANR5L16V528,pour,pour,pour,pour,True
VTANR5L16V529,pour,pour,pour,pour,True
VTANR5L16V53,pour,pour,pour,pour,True
VTANR5L16V530,abstention,contre,pour,pour,False
VTANR5L16V531,pour,pour,pour,pour,True
VTANR5L16V532,pour,pour,abstention,abstention,False
VTANR5L16V533,pour,pour,pour,pour,True
VTANR5L16V535,pour,pour,pour,pour,True
VTANR5L16V536,pour,pour,pour,pour,True
VTANR5L16V537,,contre,,,False
VTANR5L16V538,pour,pour,pour,pour,True
VTANR5L16V539,,contre,,,False
VTANR5L16V54,contre,contre,contre,contre,True
VTANR5L16V540,pour,pour,pour,pour,True
VTANR5L16V541,pour,pour,pour,pour,True
VTANR5L16V542,pour,pour,pour,pour,True
VTANR5L16V543,pour,pour,pour,pour,True
VTANR5L16V544,contre,pour,pour,pour,False
VTANR5L16V545,pour,pour,pour,pour,True
VTANR5L16V546,pour,pour,pour,pour,True
VTANR5L16V547,pour,pour,pour,pour,True
VTANR5L16V548,pour,pour,pour,pour,True
VTANR5L16V549,pour,pour,pour,pour,True
VTANR5L16V55,pour,contre,contre,contre,False
VTANR5L16V550,pour,pour,pour,pour,True
VTANR5L16V551,pour,abstention,pour,pour,False
VTANR5L16V552,,abstention,abstention,abstention,False
VTANR5L16V553,pour,pour,pour,pour,True
VTANR5L16V554,pour,pour,pour,pour,True
VTANR5L16V555,pour,pour,pour,pour,True
VTANR5L16V556,pour,pour,pour,pour,True
VTANR5L16V557,contre,contre,abstention,contre,False
VTANR5L16V558,pour,pour,pour,pour,True
VTANR5L16V559,pour,,,pour,False
VTANR5L16V56,pour,pour,pour,pour,True
VTANR5L16V560,pour,abstention,,pour,False
VTANR5L16V561,pour,pour,contre,abstention,False
VTANR5L16V562,contre,contre,contre,contre,True
VTANR5L16V563,contre,,contre,contre,False
VTANR5L16V564,pour,pour,,pour,False
VTANR5L16V565,abstention,contre,,contre,False
VTANR5L16V566,pour,pour,pour,pour,True
VTANR5L16V567,contre,contre,contre,contre,True
VTANR5L16V568,pour,pour,contre,pour,False
VTANR5L16V569,abstention,abstention,pour,pour,False
VTANR5L16V57,pour,pour,pour,pour,True
VTANR5L16V570,abstention,abstention,contre,abstention,False
VTANR5L16V571,abstention,contre,pour,contre,False
VTANR5L16V572,contre,contre,pour,contre,False
VTANR5L16V573,pour,pour,pour,pour,True
VTANR5L16V574,contre,contre,contre,,False
VTANR5L16V575,abstention,abstention,contre,,False
VTANR5L16V576,pour,pour,pour,pour,True
VTANR5L16V577,pour,pour,pour,pour,True
VTANR5L16V578,,,contre,contre,False
VTANR5L16V579,,,contre,contre,False
VTANR5L16V58,pour,pour,pour,pour,True
VTANR5L16V580,abstention,abstention,pour,abstention,False
VTANR5L16V581,pour,pour,pour,pour,True
VTANR5L16V582,pour,pour,pour,pour,True
VTANR5L16V583,contre,,contre,contre,False
VTANR5L16V584,pour,abstention,pour,pour,False
VTANR5L16V585,contre,contre,pour,abstention,False
VTANR5L16V586,contre,contre,abstention,contre,False
VTANR5L16V587,,abstention,pour,pour,False
VTANR5L16V588,,contre,pour,abstention,False
VTANR5L16V589,,contre,pour,contre,False
VTANR5L16V59,contre,contre,abstention,contre,False
VTANR5L16V590,,contre,contre,contre,False
VTANR5L16V591,contre,contre,abstention,contre,False
VTANR5L16V592,contre,contre,pour,abstention,False
VTANR5L16V593,contre,contre,contre,contre,True
VTANR5L16V594,contre,contre,pour,contre,False
VTANR5L16V595,pour,pour,pour,pour,True
VTANR5L16V596,pour,pour,abstention,pour,False
VTANR5L16V597,pour,pour,contre,pour,False
VTANR5L16V598,pour,pour,pour,pour,True
VTANR5L16V599,pour,pour,pour,pour,True
VTANR5L16V6,pour,pour,pour,pour,True
VTANR5L16V60,abstention,pour,abstention,pour,False
VTANR5L16V600,pour,pour,contre,pour,False
VTANR5L16V601,contre,contre,pour,abstention,False
VTANR5L16V602,pour,pour,,pour,False
VTANR5L16V603,contre,contre,contre,contre,True
VTANR5L16V604,contre,contre,pour,contre,False
VTANR5L16V605,pour,pour,pour,pour,True
VTANR5L16V606,contre,,contre,abstention,False
VTANR5L16V607,,,contre,contre,False
VTANR5L16V608,,,contre,,False
VTANR5L16V609,pour,pour,pour,pour,True
VTANR5L16V61,pour,pour,pour,pour,True
VTANR5L16V610,pour,pour,pour,pour,True
VTANR5L16V611,pour,pour,,pour,False
VTANR5L16V612,abstention,,,abstention,False
VTANR5L16V613,pour,pour,,pour,False
VTANR5L16V614,contre,contre,,contre,False
VTANR5L16V615,contre,,,contre,False
VTANR5L16V616,abstention,abstention,,abstention,False
VTANR5L16V617,contre,contre,,contre,False
VTANR5L16V618,pour,pour,pour,pour,True
VTANR5L16V619,contre,contre,contre,contre,True
VTANR5L16V62,pour,abstention,pour,pour,False
VTANR5L16V620,pour,pour,pour,pour,True
VTANR5L16V621,contre,contre,contre,contre,True
VTANR5L16V622,contre,contre,contre,contre,True
VTANR5L16V623,contre,contre,abstention,contre,False
VTANR5L16V624,contre,abstention,abstention,abstention,False
VTANR5L16V625,contre,contre,contre,contre,True
VTANR5L16V626,contre,contre,contre,contre,True
VTANR5L16V627,pour,pour,pour,pour,True
VTANR5L16V628,pour,pour,pour,pour,True
VTANR5L16V629,pour,pour,pour,pour,True
VTANR5L16V63,abstention,,pour,pour,False
VTANR5L16V630,contre,contre,contre,contre,True
VTANR5L16V631,contre,contre,pour,contre,False
VTANR5L16V632,pour,pour,,pour,False
VTANR5L16V633,pour,pour,pour,pour,True
VTANR5L16V634,pour,pour,,pour,False
VTANR5L16V635,pour,pour,pour,pour,True
VTANR5L16V636,pour,pour,pour,pour,True
VTANR5L16V637,pour,pour,pour,pour,True
VTANR5L16V638,pour,pour,pour,pour,True
VTANR5L16V639,contre,contre,contre,contre,True
VTANR5L16V64,abstention,pour,abstention,pour,False
VTANR5L16V640,contre,contre,contre,contre,True
VTANR5L16V641,pour,pour,pour,pour,True
VTANR5L16V642,contre,contre,contre,contre,True
VTANR5L16V643,contre,contre,contre,contre,True
VTANR5L16V644,contre,contre,contre,contre,True
VTANR5L16V645,pour,pour,pour,pour,True
VTANR5L16V646,contre,contre,contre,contre,True
VTANR5L16V647,contre,contre,contre,contre,True
VTANR5L16V648,pour,pour,pour,pour,True
VTANR5L16V649,pour,pour,pour,pour,True
VTANR5L16V65,pour,pour,pour,pour,True
VTANR5L16V650,pour,pour,pour,pour,True
VTANR5L16V651,abstention,abstention,pour,pour,False
VTANR5L16V652,pour,abstention,pour,pour,False
VTANR5L16V653,pour,abstention,pour,pour,False
VTANR5L16V654,pour,pour,pour,pour,True
VTANR5L16V655,pour,pour,pour,pour,True
VTANR5L16V656,contre,contre,contre,contre,True
VTANR5L16V657,pour,pour,pour,pour,True
VTANR5L16V658,,pour,pour,pour,False
VTANR5L16V659,contre,,contre,,False
VTANR5L16V66,abstention,contre,abstention,contre,False
VTANR5L16V660,contre,contre,contre,,False
VTANR5L16V661,contre,contre,contre,contre,True
VTANR5L16V662,contre,contre,contre,contre,True
VTANR5L16V663,contre,contre,contre,contre,True
VTANR5L16V664,pour,pour,pour,pour,True
VTANR5L16V665,pour,pour,pour,pour,True
VTANR5L16V666,abstention,contre,contre,contre,False
VTANR5L16V667,pour,contre,contre,contre,False
VTANR5L16V668,contre,contre,contre,contre,True
VTANR5L16V669,pour,abstention,abstention,contre,False
VTANR5L16V67,abstention,pour,pour,pour,False
VTANR5L16V670,pour,pour,contre,pour,False
VTANR5L16V671,contre,contre,abstention,contre,False
VTANR5L16V672,pour,,abstention,contre,False
VTANR5L16V673,,contre,contre,contre,False
VTANR5L16V674,pour,pour,pour,pour,True
VTANR5L16V675,pour,contre,contre,contre,False
VTANR5L16V676,pour,contre,contre,contre,False
VTANR5L16V677,pour,contre,contre,contre,False
VTANR5L16V678,pour,pour,pour,contre,False
VTANR5L16V679,pour,contre,contre,contre,False
VTANR5L16V68,abstention,pour,pour,pour,False
VTANR5L16V680,,contre,contre,contre,False
VTANR5L16V681,,contre,contre,contre,False
VTANR5L16V682,pour,abstention,pour,pour,False
VTANR5L16V683,pour,contre,contre,contre,False
VTANR5L16V684,abstention,,contre,contre,False
VTANR5L16V685,pour,pour,pour,pour,True
VTANR5L16V686,pour,abstention,contre,contre,False
VTANR5L16V687,pour,pour,contre,contre,False
VTANR5L16V688,abstention,contre,contre,contre,False
VTANR5L16V689,pour,pour,pour,pour,True
VTANR5L16V69,abstention,contre,abstention,contre,False
VTANR5L16V690,abstention,pour,pour,pour,False
VTANR5L16V691,pour,pour,contre,pour,False
VTANR5L16V692,,contre,contre,contre,False
VTANR5L16V693,abstention,,contre,contre,False
VTANR5L16V694,abstention,contre,contre,contre,False
VTANR5L16V695,contre,pour,abstention,pour,False
VTANR5L16V696,contre,abstention,contre,contre,False
VTANR5L16V697,pour,contre,pour,pour,False
VTANR5L16V698,contre,pour,pour,pour,False
VTANR5L16V699,,pour,abstention,contre,False
VTANR5L16V7,pour,pour,contre,pour,False
VTANR5L16V70,pour,pour,abstention,pour,False
VTANR5L16V700,contre,pour,pour,pour,False
VTANR5L16V701,contre,pour,pour,pour,False
VTANR5L16V702,pour,contre,abstention,abstention,False
VTANR5L16V703,pour,pour,contre,contre,False
VTANR5L16V704,abstention,abstention,pour,contre,False
VTANR5L16V705,contre,pour,pour,pour,False
VTANR5L16V706,contre,pour,pour,pour,False
VTANR5L16V707,contre,pour,pour,pour,False
VTANR5L16V708,,pour,pour,pour,False
VTANR5L16V709,abstention,pour,pour,pour,False
VTANR5L16V71,pour,contre,abstention,contre,False
VTANR5L16V710,pour,pour,pour,pour,True
VTANR5L16V711,pour,contre,abstention,contre,False
VTANR5L16V712,,pour,contre,contre,False
VTANR5L16V713,,pour,abstention,contre,False
VTANR5L16V714,abstention,contre,abstention,abstention,False
VTANR5L16V715,contre,abstention,pour,abstention,False
VTANR5L16V716,pour,pour,pour,pour,True
VTANR5L16V717,pour,pour,pour,pour,True
VTANR5L16V718,pour,pour,abstention,abstention,False
VTANR5L16V719,,abstention,pour,pour,False
VTANR5L16V72,pour,pour,pour,pour,True
VTANR5L16V720,,pour,pour,pour,False
VTANR5L16V721,,pour,pour,pour,False
VTANR5L16V722,,pour,pour,pour,False
VTANR5L16V723,,pour,pour,pour,False
VTANR5L16V724,,contre,pour,abstention,False
VTANR5L16V725,,pour,,contre,False
VTANR5L16V726,,pour,pour,pour,False
VTANR5L16V727,,pour,pour,pour,False
VTANR5L16V728,pour,pour,pour,pour,True
VTANR5L16V729,pour,pour,pour,pour,True
VTANR5L16V73,contre,contre,abstention,contre,False
VTANR5L16V730,pour,pour,pour,pour,True
VTANR5L16V731,pour,pour,pour,pour,True
VTANR5L16V732,pour,pour,pour,pour,True
VTANR5L16V733,pour,pour,pour,pour,True
VTANR5L16V734,pour,pour,pour,pour,True
VTANR5L16V735,pour,pour,pour,pour,True
VTANR5L16V736,pour,abstention,pour,pour,False
VTANR5L16V737,,pour,pour,pour,False
VTANR5L16V738,pour,pour,pour,pour,True
VTANR5L16V739,pour,pour,pour,pour,True
VTANR5L16V74,contre,contre,contre,contre,True
VTANR5L16V740,pour,pour,pour,pour,True
VTANR5L16V741,pour,pour,pour,pour,True
VTANR5L16V742,pour,pour,pour,pour,True
VTANR5L16V743,pour,pour,,pour,False
VTANR5L16V744,pour,pour,,pour,False
VTANR5L16V745,pour,pour,pour,pour,True
VTANR5L16V746,pour,pour,pour,pour,True
VTANR5L16V747,pour,pour,pour,pour,True
VTANR5L16V748,pour,pour,pour,pour,True
VTANR5L16V749,pour,pour,pour,pour,True
VTANR5L16V75,contre,contre,contre,contre,True
VTANR5L16V750,pour,pour,pour,pour,True
VTANR5L16V751,pour,pour,pour,pour,True
VTANR5L16V752,,,contre,contre,False
VTANR5L16V753,pour,pour,abstention,pour,False
VTANR5L16V754,,,contre,contre,False
VTANR5L16V755,pour,,contre,contre,False
VTANR5L16V756,pour,pour,pour,pour,True
VTANR5L16V757,,contre,contre,contre,False
VTANR5L16V758,pour,contre,abstention,abstention,False
VTANR5L16V759,pour,contre,contre,contre,False
VTANR5L16V76,pour,pour,pour,pour,True
VTANR5L16V760,,contre,contre,contre,False
VTANR5L16V761,pour,contre,abstention,contre,False
VTANR5L16V762,pour,contre,contre,contre,False
VTANR5L16V763,pour,contre,pour,abstention,False
VTANR5L16V764,abstention,pour,abstention,pour,False
VTANR5L16V765,contre,abstention,pour,pour,False
VTANR5L16V766,,contre,,contre,False
VTANR5L16V767,pour,contre,,contre,False
VTANR5L16V768,pour,abstention,pour,pour,False
VTANR5L16V769,contre,pour,abstention,abstention,False
VTANR5L16V77,pour,pour,pour,pour,True
VTANR5L16V770,,contre,contre,contre,False
VTANR5L16V771,pour,pour,pour,pour,True
VTANR5L16V772,pour,pour,pour,pour,True
VTANR5L16V773,pour,pour,pour,pour,True
VTANR5L16V774,contre,contre,pour,contre,False
VTANR5L16V775,,,contre,contre,False
VTANR5L16V776,pour,pour,pour,contre,False
VTANR5L16V777,contre,pour,pour,pour,False
VTANR5L16V778,,contre,contre,contre,False
VTANR5L16V779,,contre,contre,contre,False
VTANR5L16V78,contre,contre,contre,contre,True
VTANR5L16V780,pour,pour,,pour,False
VTANR5L16V781,contre,pour,abstention,abstention,False
VTANR5L16V782,pour,pour,pour,pour,True
VTANR5L16V783,pour,pour,pour,pour,True
VTANR5L16V784,pour,pour,pour,pour,True
VTANR5L16V785,,,pour,pour,False
VTANR5L16V786,pour,pour,pour,pour,True
VTANR5L16V787,,pour,contre,contre,False
VTANR5L16V788,pour,pour,pour,pour,True
VTANR5L16V789,pour,pour,abstention,pour,False
VTANR5L16V79,pour,pour,pour,pour,True
VTANR5L16V790,pour,pour,pour,pour,True
VTANR5L16V791,pour,pour,pour,pour,True
VTANR5L16V792,pour,pour,pour,pour,True
VTANR5L16V793,pour,pour,pour,pour,True
VTANR5L16V794,pour,abstention,pour,contre,False
VTANR5L16V795,contre,contre,contre,contre,True
VTANR5L16V796,contre,abstention,pour,contre,False
VTANR5L16V797,pour,pour,pour,pour,True
VTANR5L16V798,pour,contre,pour,pour,False
VTANR5L16V799,pour,pour,pour,pour,True
VTANR5L16V8,pour,pour,contre,pour,False
VTANR5L16V80,pour,pour,pour,pour,True
VTANR5L16V800,pour,pour,pour,pour,True
VTANR5L16V801,pour,pour,abstention,contre,False
VTANR5L16V802,pour,pour,pour,pour,True
VTANR5L16V803,pour,pour,pour,pour,True
VTANR5L16V804,pour,pour,pour,pour,True
VTANR5L16V805,,pour,pour,pour,False
VTANR5L16V806,contre,contre,contre,contre,True
VTANR5L16V807,pour,pour,pour,pour,True
VTANR5L16V808,pour,pour,,pour,False
VTANR5L16V809,pour,abstention,abstention,contre,False
VTANR5L16V81,contre,contre,abstention,contre,False
VTANR5L16V810,pour,pour,pour,pour,True
VTANR5L16V811,contre,contre,abstention,contre,False
VTANR5L16V812,pour,pour,pour,pour,True
VTANR5L16V813,pour,pour,contre,abstention,False
VTANR5L16V814,pour,pour,pour,pour,True
VTANR5L16V815,,pour,pour,pour,False
VTANR5L16V816,pour,pour,pour,pour,True
VTANR5L16V817,pour,pour,pour,pour,True
VTANR5L16V818,contre,contre,abstention,contre,False
VTANR5L16V819,,contre,contre,contre,False
VTANR5L16V82,pour,pour,pour,pour,True
VTANR5L16V820,,contre,contre,contre,False
VTANR5L16V821,,abstention,contre,contre,False
VTANR5L16V822,pour,pour,pour,pour,True
VTANR5L16V823,contre,contre,pour,abstention,False
VTANR5L16V824,pour,pour,pour,pour,True
VTANR5L16V825,contre,contre,contre,contre,True
VTANR5L16V826,pour,pour,pour,pour,True
VTANR5L16V827,pour,,pour,pour,False
VTANR5L16V828,contre,contre,contre,contre,True
VTANR5L16V829,pour,,pour,pour,False
VTANR5L16V83,pour,pour,pour,pour,True
VTANR5L16V830,pour,pour,pour,pour,True
VTANR5L16V831,pour,,pour,pour,False
VTANR5L16V832,pour,pour,pour,pour,True
VTANR5L16V833,pour,pour,pour,pour,True
VTANR5L16V834,pour,pour,pour,pour,True
VTANR5L16V835,pour,pour,pour,pour,True
VTANR5L16V836,pour,pour,pour,pour,True
VTANR5L16V837,pour,pour,pour,pour,True
VTANR5L16V838,pour,pour,pour,pour,True
VTANR5L16V839,pour,pour,pour,pour,True
VTANR5L16V84,contre,contre,contre,contre,True
VTANR5L16V840,pour,pour,pour,pour,True
VTANR5L16V841,pour,pour,pour,pour,True
VTANR5L16V842,abstention,abstention,abstention,abstention,True
VTANR5L16V843,contre,,contre,contre,False
VTANR5L16V844,pour,pour,pour,pour,True
VTANR5L16V845,contre,,contre,contre,False
VTANR5L16V846,abstention,contre,pour,pour,False
VTANR5L16V847,contre,,contre,contre,False
VTANR5L16V848,,,contre,contre,False
VTANR5L16V849,pour,contre,pour,pour,False
VTANR5L16V85,contre,contre,contre,contre,True
VTANR5L16V850,pour,pour,pour,pour,True
VTANR5L16V851,pour,,contre,contre,False
VTANR5L16V852,pour,pour,pour,pour,True
VTANR5L16V853,pour,pour,pour,pour,True
VTANR5L16V854,pour,pour,pour,pour,True
VTANR5L16V855,,,pour,contre,False
VTANR5L16V856,,abstention,pour,contre,False
VTANR5L16V857,abstention,pour,pour,pour,False
VTANR5L16V858,pour,abstention,pour,abstention,False
VTANR5L16V859,pour,abstention,abstention,pour,False
VTANR5L16V86,,contre,contre,contre,False
VTANR5L16V860,pour,pour,pour,pour,True
VTANR5L16V861,pour,abstention,pour,pour,False
VTANR5L16V862,pour,abstention,pour,pour,False
VTANR5L16V863,contre,contre,abstention,contre,False
VTANR5L16V864,pour,pour,pour,pour,True
VTANR5L16V865,,pour,pour,pour,False
VTANR5L16V866,,abstention,contre,contre,False
VTANR5L16V867,pour,pour,,pour,False
VTANR5L16V868,,pour,,,False
VTANR5L16V869,,pour,pour,,False
VTANR5L16V87,pour,pour,pour,pour,True
VTANR5L16V870,,pour,pour,,False
VTANR5L16V871,,pour,abstention,,False
VTANR5L16V872,,pour,pour,,False
VTANR5L16V873,,pour,abstention,,False
VTANR5L16V874,,pour,pour,,False
VTANR5L16V875,,pour,abstention,,False
VTANR5L16V876,,pour,pour,,False
VTANR5L16V877,,contre,contre,contre,False
VTANR5L16V878,,pour,pour,pour,False
VTANR5L16V879,,pour,pour,pour,False
VTANR5L16V88,pour,pour,pour,pour,True
VTANR5L16V880,pour,pour,abstention,contre,False
VTANR5L16V881,pour,pour,pour,contre,False
VTANR5L16V882,,contre,abstention,contre,False
VTANR5L16V883,,pour,pour,pour,False
VTANR5L16V884,,contre,contre,contre,False
VTANR5L16V885,,abstention,pour,pour,False
VTANR5L16V886,,pour,pour,pour,False
VTANR5L16V887,,pour,pour,pour,False
VTANR5L16V888,,contre,abstention,abstention,False
VTANR5L16V889,pour,pour,pour,pour,True
VTANR5L16V89,pour,pour,pour,pour,True
VTANR5L16V890,,pour,,pour,False
VTANR5L16V891,,abstention,pour,abstention,False
VTANR5L16V892,abstention,contre,pour,abstention,False
VTANR5L16V893,contre,contre,pour,contre,False
VTANR5L16V894,contre,abstention,pour,abstention,False
VTANR5L16V895,contre,abstention,pour,abstention,False
VTANR5L16V896,contre,abstention,pour,abstention,False
VTANR5L16V897,contre,contre,pour,abstention,False
VTANR5L16V898,contre,pour,pour,pour,False
VTANR5L16V899,contre,pour,pour,pour,False
VTANR5L16V9,pour,pour,pour,pour,True
VTANR5L16V90,pour,pour,pour,pour,True
VTANR5L16V900,contre,pour,pour,pour,False
VTANR5L16V901,,abstention,,contre,False
VTANR5L16V902,,pour,pour,pour,False
VTANR5L16V903,pour,contre,contre,contre,False
VTANR5L16V904,,contre,contre,contre,False
VTANR5L16V905,pour,contre,contre,contre,False
VTANR5L16V906,abstention,contre,pour,abstention,False
VTANR5L16V907,pour,abstention,pour,pour,False
VTANR5L16V908,pour,pour,pour,pour,True
VTANR5L16V91,pour,abstention,contre,abstention,False
VTANR5L16V910,pour,pour,pour,pour,True
VTANR5L16V911,contre,contre,contre,contre,True
VTANR5L16V912,pour,pour,pour,pour,True
VTANR5L16V913,pour,pour,pour,pour,True
VTANR5L16V914,pour,pour,pour,pour,True
VTANR5L16V915,pour,pour,pour,pour,True
VTANR5L16V916,pour,pour,pour,pour,True
VTANR5L16V917,pour,pour,pour,pour,True
VTANR5L16V918,pour,pour,pour,pour,True
VTANR5L16V919,pour,pour,pour,pour,True
VTANR5L16V92,pour,pour,pour,pour,True
VTANR5L16V920,pour,pour,pour,pour,True
VTANR5L16V921,pour,pour,pour,pour,True
VTANR5L16V922,pour,pour,pour,pour,True
VTANR5L16V923,contre,,contre,contre,False
VTANR5L16V924,pour,pour,pour,pour,True
VTANR5L16V925,pour,pour,pour,pour,True
VTANR5L16V926,pour,pour,pour,pour,True
VTANR5L16V927,pour,pour,pour,pour,True
VTANR5L16V928,pour,,contre,contre,False
VTANR5L16V929,pour,pour,pour,pour,True
VTANR5L16V93,pour,pour,pour,pour,True
VTANR5L16V930,pour,pour,pour,pour,True
VTANR5L16V931,pour,pour,pour,pour,True
VTANR5L16V932,pour,pour,pour,pour,True
VTANR5L16V933,pour,pour,pour,pour,True
VTANR5L16V934,pour,pour,pour,pour,True
VTANR5L16V935,pour,pour,pour,pour,True
VTANR5L16V936,pour,pour,pour,pour,True
VTANR5L16V937,pour,pour,pour,pour,True
VTANR5L16V938,pour,pour,pour,pour,True
VTANR5L16V939,pour,pour,pour,pour,True
VTANR5L16V94,pour,pour,pour,pour,True
VTANR5L16V940,pour,pour,pour,pour,True
VTANR5L16V941,pour,pour,pour,pour,True
VTANR5L16V942,pour,pour,pour,pour,True
VTANR5L16V943,pour,pour,pour,pour,True
VTANR5L16V944,pour,pour,pour,pour,True
VTANR5L16V945,pour,pour,pour,pour,True
VTANR5L16V946,pour,pour,pour,pour,True
VTANR5L16V947,contre,contre,contre,contre,True
VTANR5L16V948,contre,contre,contre,contre,True
VTANR5L16V949,pour,pour,abstention,pour,False
VTANR5L16V95,pour,pour,pour,pour,True
VTANR5L16V950,pour,pour,abstention,pour,False
VTANR5L16V951,pour,pour,pour,pour,True
VTANR5L16V952,pour,pour,pour,pour,True
VTANR5L16V953,pour,pour,pour,pour,True
VTANR5L16V954,pour,pour,pour,pour,True
VTANR5L16V955,pour,pour,pour,pour,True
VTANR5L16V956,pour,pour,pour,pour,True
VTANR5L16V957,pour,pour,pour,pour,True
VTANR5L16V958,,abstention,pour,abstention,False
VTANR5L16V959,abstention,,contre,,False
VTANR5L16V96,pour,pour,pour,pour,True
VTANR5L16V960,pour,pour,pour,pour,True
VTANR5L16V961,,pour,pour,pour,False
VTANR5L16V962,pour,pour,pour,pour,True
VTANR5L16V963,pour,,pour,contre,False
VTANR5L16V964,pour,pour,pour,pour,True
VTANR5L16V965,contre,contre,contre,contre,True
VTANR5L16V966,abstention,contre,contre,abstention,False
VTANR5L16V967,pour,pour,pour,pour,True
VTANR5L16V968,pour,pour,pour,pour,True
VTANR5L16V969,pour,pour,contre,abstention,False
VTANR5L16V97,pour,pour,pour,pour,True
VTANR5L16V970,abstention,abstention,contre,abstention,False
VTANR5L16V971,contre,contre,contre,contre,True
VTANR5L16V972,contre,contre,contre,contre,True
VTANR5L16V973,pour,pour,pour,pour,True
VTANR5L16V974,pour,pour,pour,pour,True
VTANR5L16V975,contre,contre,contre,contre,True
VTANR5L16V976,pour,pour,pour,pour,True
VTANR5L16V977,pour,pour,abstention,pour,False
VTANR5L16V978,pour,pour,pour,pour,True
VTANR5L16V979,pour,pour,pour,pour,True
VTANR5L16V98,pour,pour,pour,pour,True
VTANR5L16V980,abstention,abstention,,,False
VTANR5L16V981,pour,pour,pour,pour,True
VTANR5L16V982,pour,pour,pour,pour,True
VTANR5L16V983,pour,pour,pour,pour,True
VTANR5L16V984,contre,contre,contre,contre,True
VTANR5L16V985,contre,abstention,contre,contre,False
VTANR5L16V986,pour,pour,pour,pour,True
VTANR5L16V987,pour,pour,pour,pour,True
VTANR5L16V988,abstention,contre,pour,contre,False
VTANR5L16V989,pour,pour,pour,pour,True
VTANR5L16V99,contre,contre,contre,contre,True
VTANR5L16V990,pour,pour,pour,pour,True
VTANR5L16V991,pour,pour,pour,pour,True
VTANR5L16V992,pour,pour,pour,pour,True
VTANR5L16V993,pour,pour,pour,pour,True
VTANR5L16V994,pour,pour,pour,pour,True
VTANR5L16V995,pour,pour,pour,pour,True
VTANR5L16V996,pour,pour,pour,pour,True
VTANR5L16V997,pour,pour,pour,pour,True
VTANR5L16V998,pour,pour,pour,pour,True
VTANR5L16V999,pour,pour,pour,pour,True
